{
  "name": "ESP_WifiManager",
  "version": "1.4.1",
  "keywords": "wifi, wi-fi, WiFiManager, esp8266, esp32, Communication, iot",
  "description": "ESP32, ESP8266 MultiWiFi Connection Manager with enhanced GUI and fallback web ConfigPortal. This Library is used for configuring ESP32, ESP8266 modules MultiWiFi Credentials at runtime. You can also specify static DNS servers, personalized HostName, fixed or random AP channel. Now with MultiWiFi auto(Re)connect feature and configurable CORS Header.",
  "authors":
  {
    "name":  "Khoi Hoang",
    "url":   "https://github.com/khoih-prog",
    "maintainer": true
  },
  "repository":
  {
    "type": "git",
    "url": "https://github.com/khoih-prog/ESP_WiFiManager"
  },
  "homepage": "https://github.com/khoih-prog/ESP_WiFiManager",
  "export": {
    "exclude": [
      "linux",
      "extras",
      "tests"
    ]
  },
  "dependencies": 
  [
    {
      "owner": "khoih-prog",
      "name": "ESP_DoubleResetDetector",
      "version": ">=1.1.0",
      "platforms": ["espressif8266", "espressif32"]
    },
    {
      "owner": "khoih.prog",
      "name": "ESP_DoubleResetDetector",
      "version": ">=1.1.0",
      "platforms": ["espressif8266", "espressif32"]
    },
    {
      "owner": "lorol",
      "name": "LittleFS_esp32",
      "version": ">=1.0.5",
      "platforms": ["espressif32"]
    }
  ],
  "frameworks": "*",
  "platforms": ["espressif8266", "espressif32"],
  "examples": "examples/*/*/*.ino"
}
